Description,Size,Offset,Bolt Pattern,CB,Condition,Grade,Qty,Price,Location
Steel winter wheel black,17x7,ET39,5x114.3,60.1,New,,8,89,Wheel W-01
Steel winter wheel,16x6.5,+45,5x114.3,64.1,New,,8,79,Wheel W-02
Steel winter wheel,17x7,48,5x100,56.1,New,,8,89,Wheel W-03
Steel winter wheel,15x6,40,5x100,54.1,New,,4,69,Wheel W-04
Alloy winter wheel silver,18x7.5,48,5x114.3,56.1,New,,8,179,Rack W-10
Aftermarket 5-spoke gloss gunmetal,17x7.5,40,5x100/5x114.3,73.1,New,,8,189,Rack W-20
"Honda CR-V OEM alloy, 2 with rash",18x7.5,45,5x114.3,64.1,Used,C,4,239,Used A-07
Subaru Outback OEM alloy gunmetal,18x7,48,5x114.3,56.1,Used,A,4,329,Used A-05
Toyota RAV4 OEM alloy,17x7,35,5x114.3,60.1,Used,B,4,259,Used A-08
Ford F-150 OEM alloy machined,18x7.5,44,6x135,87.1,Used,B,4,$1100/set,Used A-12
Chevy Silverado steel,17x7.5,31,6x5.5,78.1,Used,B,4,60,Wheel W-14
Old Jeep alloys,,,5x4.5,,Used,,4,50,Yard 3
